{
  "_fv": 8,
  "_type": "gun",
  "definition": {
    "renderType": 0,
    "texture": "gun43",
    "customModelName": "Normal",
    "name": "Laser Gun",
    "specialInfo": [
      "Laser gun"
    ],
    "creativeTab": {
      "value": "COMBAT"
    },
    "stackSize": 1,
    "ammoItem": {
      "value": "CUSTOM:LaserCharge"
    },
    "shootConstantly": false,
    "usageCount": 100000,
    "actionSound": {
      "value": ""
    },
    "hasGlow": false,
    "enableMeleeDamage": false,
    "damageVsEntity": 25.0,
    "bulletPower": 100.0,
    "bulletDamage": 25.0,
    "bulletKnockback": 5,
    "bulletParticles": false,
    "bulletIgnitesFire": true,
    "bulletItemTexture": {
      "value": "CUSTOM:LaserCharge"
    },
    "bulletModel": "Default",
    "customBulletModelTexture": ""
  }
}